name,entity_key,slug,profile_url,in_afisha_graph,has_profile_page,sessions,role,sections,halls,session_ids
Владимир Амосов,владимир амосов,vladimir-amosov,https://www.design-events.fun/speaker/vladimir-amosov,0,0,5,"стилист-парикмахер, игропрактик",Konstruct и Слой,Konstruct Space,e144; e146; e154; e155; e156
Андрей Тубольцев,андрей тубольцев,andrei-tuboltsev,https://www.design-events.fun/speaker/andrei-tuboltsev,1,1,2,"сооснователь и генеральный директор DREAMLASER, генеральный продюсер INTERVALS и пространства ЦЕХ",REDDAY; Медиаарт,Гостиная; Центр Внутри,e033; e128
Андрей Ульянов,андрей ульянов,andrei-ulyanov,https://www.design-events.fun/speaker/andrei-ulyanov,0,0,2,"парикмахер, тренер, основатель парикмахерской POPS, сооснователь школы KONSTRUCT",Konstruct и Слой,Konstruct Space,e148; e155
Антон Бондарь,антон бондарь,anton-bondar,https://www.design-events.fun/speaker/anton-bondar,1,0,2,"генеральный директор и сооснователь SALT AND PEPPER, сооснователь CUSP, ментор Duo Sapiens",Веб,Simple Music,e083; e084
Арсений Попов,арсений попов,arsenii-popov,https://www.design-events.fun/speaker/arsenii-popov,1,0,2,"художник, резидент объединения koshta.collective, партнер студии MA, лектор AI Mindset LAB, автор телеграм-канала «дельфин дружит с кукушкой»",ИИ,Бойлерная,e025; e027
Артём Федоров,артём федоров,artem-fedorov,https://www.design-events.fun/speaker/artem-fedorov,0,0,2,дизайн-директор Red Collar,Веб,Simple Music,e082; e084
Владимир Котт,владимир котт,vladimir-kott,https://www.design-events.fun/speaker/vladimir-kott,0,0,2,"режиссёр театра и кино, сценарист, продюсер и педагог",Кино,Котельная,e068; e071
Денис Ломов,денис ломов,denis-lomov,https://www.design-events.fun/speaker/denis-lomov,1,0,2,CEO Red Collar,Веб,Simple Music,e080; e084
Дима Логинов,дима логинов,dima-loginov,https://www.design-events.fun/speaker/dima-loginov,0,0,2,предметный дизайнер,Предметный дизайн,Центр Внутри,e047; e049
Евгений Филатов,евгений филатов,evgenii-filatov,https://www.design-events.fun/speaker/evgenii-filatov,1,0,2,дизайн-директор ГигаЧат,Веб,Simple Music,e081; e084
Иван Стельмах,иван стельмах,ivan-stelmah,https://www.design-events.fun/speaker/ivan-stelmah,1,1,2,CPO в Центральном университете,Образование,Simple Music,e086; e088
Иван Шаров,иван шаров,ivan-sharov,https://www.design-events.fun/speaker/ivan-sharov,0,0,2,креативный директор Okko,Кино,Котельная,e068; e073
Илья Учитель,илья учитель,ilya-uchitel,https://www.design-events.fun/speaker/ilya-uchitel,0,0,2,режиссёр и сценарист,Кино,Котельная,e068; e072
Ксения Караваева,ксения караваева,kseniya-karavaeva,https://www.design-events.fun/speaker/kseniya-karavaeva,0,0,2,"архитектор, сооснователь бюро .dpt",Предметный дизайн,Центр Внутри,e048; e049
Ксения Сторожева,ксения сторожева,kseniya-storozheva,https://www.design-events.fun/speaker/kseniya-storozheva,0,0,2,топ-стилист парикмахерской Konstruct и преподаватель школы Konstruct,Konstruct и Слой,Konstruct Space,e147; e155
Лиза Жолтая,лиза жолтая,liza-zholtaya,https://www.design-events.fun/speaker/liza-zholtaya,0,0,2,"партнер архитектурной студии, ведущий архитектор DA BUREU",Дизайн интерьера,Центр Внутри,e041; e043
Мурат Гукетлов,мурат гукетлов,murat-guketlov,https://www.design-events.fun/speaker/murat-guketlov,0,0,2,"архитектор, сооснователь бюро .dpt",Предметный дизайн,Центр Внутри,e048; e049
Ольга Никулина,ольга никулина,olga-nikulina,https://www.design-events.fun/speaker/olga-nikulina,0,0,2,"креативный продюсер, сценарист, шоураннер «Среда»",Кино,Котельная,e068; e070
Пётр Сафронов,пётр сафронов,petr-safronov,https://www.design-events.fun/speaker/petr-safronov,1,0,2,"руководитель академического направления, Фонд «Наше будущее»",Образование,Simple Music,e086; e089
Сергей Трегубов,сергей трегубов,sergei-tregubov,https://www.design-events.fun/speaker/sergei-tregubov,1,0,2,основатель и владелец студии INROOM.design,Дизайн интерьера,Центр Внутри,e041; e044
Степан Бугаев,степан бугаев,stepan-bugaev,https://www.design-events.fun/speaker/stepan-bugaev,0,0,2,"модератор; основатель, арт-директор студии «Точка дизайна»",Дизайн интерьера,Центр Внутри,e041; e042
Татьяна Белохина,татьяна белохина,tatyana-belohina,https://www.design-events.fun/speaker/tatyana-belohina,0,0,2,главный редактор журнала INTERIOR+DESIGN,Предметный дизайн,Центр Внутри,e046; e049
Юра Шевел,юра шевел,yura-shevel,https://www.design-events.fun/speaker/yura-shevel,0,0,2,"барбер, преподаватель, основатель мужской парикмахерской TYPE",Konstruct и Слой,Konstruct Space,e145; e155
Юрий Субботин,юрий субботин,yurii-subbotin,https://www.design-events.fun/speaker/yurii-subbotin,0,0,2,эксперт по спонсорству,REDDAY; Маркетинг,Бойлерная; Гостиная,e004; e128
Ярослав Андреев,ярослав андреев,yaroslav-andreev,https://www.design-events.fun/speaker/yaroslav-andreev,0,0,2,CEO Wildjam,Блогеры,Simple Music,e102; e105
SOLAR W (Алексей Ефремов),solar w (алексей ефремов),solar-w-aleksei-efremov,https://www.design-events.fun/speaker/solar-w-aleksei-efremov,0,0,1,"цифровой художник, исследователь генеративных систем",Медиаарт,Центр Внутри,e031
Александр Доброкотов,александр доброкотов,aleksandr-dobrokotov,https://www.design-events.fun/speaker/aleksandr-dobrokotov,0,0,1,CEO и креативный директор AI MOLODCA,ИИ,Бойлерная,e027
Александр Кадыкеев,александр кадыкеев,aleksandr-kadykeev,https://www.design-events.fun/speaker/aleksandr-kadykeev,0,0,1,"CEO VOVA family, part of JAMI LUP",ИИ,Бойлерная,e027
Александр Литвин,александр литвин,aleksandr-litvin,https://www.design-events.fun/speaker/aleksandr-litvin,0,0,1,модератор,REDDAY,Гостиная,e116
Александр Сокольников,александр сокольников,aleksandr-sokolnikov,https://www.design-events.fun/speaker/aleksandr-sokolnikov,0,0,1,главный редактор DROP,Медиа,Котельная,e058
Александр Ус,александр ус,aleksandr-us,https://www.design-events.fun/speaker/aleksandr-us,0,0,1,"сооснователь и креативный директор SILA SVETA, куратор фестиваля Outline",Медиаарт,Центр Внутри,e033
Александра Дубинина,александра дубинина,aleksandra-dubinina,https://www.design-events.fun/speaker/aleksandra-dubinina,1,0,1,"режиссер, креативный директор и основатель Interstellar Production",Компьютерная графика,Центр Внутри,e039
Алексей Журавлёв,алексей журавлёв,aleksei-zhuravlev,https://www.design-events.fun/speaker/aleksei-zhuravlev,1,0,1,руководитель и основатель студии OOPS TEAM,REDDAY,Гостиная,e125
Алексей Мочалов,алексей мочалов,aleksei-mochalov,https://www.design-events.fun/speaker/aleksei-mochalov,1,0,1,руководитель креативной студии ВИ.ру,REDDAY,Гостиная,e122
Алексей Пушкарёв,алексей пушкарёв,aleksei-pushkarev,https://www.design-events.fun/speaker/aleksei-pushkarev,0,0,1,дизайнер Odd works,Дизайн,Бойлерная,e009
Алина Абрамова,алина абрамова,alina-abramova,https://www.design-events.fun/speaker/alina-abramova,0,0,1,босс и сооснователь BALAGAN,REDDAY,Гостиная,e126
Анастасия Ступина,анастасия ступина,anastasiya-stupina,https://www.design-events.fun/speaker/anastasiya-stupina,0,0,1,руководитель дизайна B2B Альфа-Банк,Дизайн,Бойлерная,e014
Анастасия Тулумджан,анастасия тулумджан,anastasiya-tulumdzhan,https://www.design-events.fun/speaker/anastasiya-tulumdzhan,0,0,1,руководитель производственного направления Filmway Production,Компьютерная графика,Центр Внутри,e037
Анастасия Харитонова,анастасия харитонова,anastasiya-haritonova,https://www.design-events.fun/speaker/anastasiya-haritonova,0,0,1,,Клуб,Лекторий,e134
Андрей Глазунов,андрей глазунов,andrei-glazunov,https://www.design-events.fun/speaker/andrei-glazunov,0,0,1,"инфлюенсер, режиссёр и креатор",Блогеры,Simple Music,e105
Андрей Грибков,андрей грибков,andrei-gribkov,https://www.design-events.fun/speaker/andrei-gribkov,0,0,1,,Konstruct и Слой,Konstruct Space,e155
Андрей Дансков,андрей дансков,andrei-danskov,https://www.design-events.fun/speaker/andrei-danskov,0,0,1,управляющий партнёр и креативный директор GREAT,Реклама,Бойлерная,e017
Андрей Ильин,андрей ильин,andrei-ilin,https://www.design-events.fun/speaker/andrei-ilin,0,0,1,арт-директор Додо,Дизайн,Бойлерная,e014
Андрей Кадышев,андрей кадышев,andrei-kadyshev,https://www.design-events.fun/speaker/andrei-kadyshev,0,0,1,руководитель отдела ивент-маркетинга и оффлайн спецпроектов Т-Банк,REDDAY,Гостиная,e128
Андрей Цыпер,андрей цыпер,andrei-tsyper,https://www.design-events.fun/speaker/andrei-tsyper,0,0,1,исполнительный директор по медиа Rambler&Co,Медиа,Котельная,e065
Анна Зайцева,анна зайцева,anna-zaitseva,https://www.design-events.fun/speaker/anna-zaitseva,1,0,1,CEO и партнёр REDDAY,REDDAY,Гостиная,e107
Анна Левант,анна левант,anna-levant,https://www.design-events.fun/speaker/anna-levant,0,0,1,,Клуб,Лекторий,e136
Анна Смирнова,анна смирнова,anna-smirnova,https://www.design-events.fun/speaker/anna-smirnova,0,0,1,"модератор; куратор и руководитель Generative Gallery, искусствовед и арт-менеджер",Медиаарт,Центр Внутри,e033
Антон Черногоров,антон черногоров,anton-chernogorov,https://www.design-events.fun/speaker/anton-chernogorov,1,0,1,основатель студии Работяги,Дизайн,Бойлерная,e013
Аня Коновалова,аня коновалова,anya-konovalova,https://www.design-events.fun/speaker/anya-konovalova,0,0,1,руководитель группы маркома Авито Услуги,Big Picture,Лекторий,e129
Аня Никич,аня никич,anya-nikich,https://www.design-events.fun/speaker/anya-nikich,0,0,1,креативный директор Яндекс Еда,Big Picture,Лекторий,e132
Арам Даниелян,арам даниелян,aram-danielyan,https://www.design-events.fun/speaker/aram-danielyan,0,0,1,директор по маркетингу S&P Records,Музыка,Simple Music,e092
Артем Полянский,артем полянский,artem-polyanskii,https://www.design-events.fun/speaker/artem-polyanskii,0,0,1,основатель и CEO We Are Magnets,ИИ,Бойлерная,e026
Артём Кондратенко,артём кондратенко,artem-kondratenko,https://www.design-events.fun/speaker/artem-kondratenko,0,0,1,"руководитель группы закупок ивентов, мерча, дизайна и контента Яндекс",REDDAY,Гостиная,e116
Артём Минасян,артём минасян,artem-minasyan,https://www.design-events.fun/speaker/artem-minasyan,0,0,1,"генеральный директор, сооснователь YEP Event Agency",REDDAY,Гостиная,e113
Артём Царегородцев,артём царегородцев,artem-tsaregorodtsev,https://www.design-events.fun/speaker/artem-tsaregorodtsev,0,0,1,сооснователь и креативный директор Zebra Hero,Реклама,Бойлерная,e018
Артём Щербаков,артём щербаков,artem-scherbakov,https://www.design-events.fun/speaker/artem-scherbakov,0,0,1,"креативный директор, режиссер ZHEESHEE",Компьютерная графика,Центр Внутри,e036
Борис Альхимович,борис альхимович,boris-alhimovich,https://www.design-events.fun/speaker/boris-alhimovich,0,0,1,"сооснователь REDDAY и фестиваля предпринимателей Атланты Сити, генеральный продюсер GEF",REDDAY,Гостиная,e128
Борис Шилин,борис шилин,boris-shilin,https://www.design-events.fun/speaker/boris-shilin,1,1,1,основатель бюро Щёлочь,Дизайн,Бойлерная,e009
Вадим Белов,вадим белов,vadim-belov,https://www.design-events.fun/speaker/vadim-belov,0,0,1,"основатель, руководитель It's alive",Компьютерная графика,Центр Внутри,e035
Вася Губин,вася губин,vasya-gubin,https://www.design-events.fun/speaker/vasya-gubin,0,0,1,"креативный директор «Родной Речи», режиссёр",Big Picture,Лекторий,e132
Виктор Донюков,виктор донюков,viktor-donyukov,https://www.design-events.fun/speaker/viktor-donyukov,0,0,1,,Клуб,Лекторий,e137
Виктория Бутикова,виктория бутикова,viktoriya-butikova,https://www.design-events.fun/speaker/viktoriya-butikova,0,0,1,руководитель направления закупок маркетинговых услуг Альфа Банк,REDDAY,Гостиная,e116
Виктория Василевская,виктория василевская,viktoriya-vasilevskaya,https://www.design-events.fun/speaker/viktoriya-vasilevskaya,0,0,1,лидер проекта Универмаг Точка Банк,Дизайн,Бойлерная,e010
Виктория Горшкова,виктория горшкова,viktoriya-gorshkova,https://www.design-events.fun/speaker/viktoriya-gorshkova,0,0,1,руководитель команды внутренних событий и комьюнити Яндекс,REDDAY,Гостиная,e110
Виталий Быков,виталий быков,vitalii-bykov,https://www.design-events.fun/speaker/vitalii-bykov,1,1,1,"генеральный директор REDKEDS, идеолог и сооснователь фестиваля G8",,Бойлерная,e003
Виталий Урезченко,виталий урезченко,vitalii-urezchenko,https://www.design-events.fun/speaker/vitalii-urezchenko,0,0,1,"Ex-CMO Yota, CarPrice, PREMIER, Tutu.ru и СберМобайла",Big Picture,Лекторий,e132
Влад Воронин,влад воронин,vlad-voronin,https://www.design-events.fun/speaker/vlad-voronin,0,0,1,"главный редактор Спортса""",Медиа,Котельная,e057
Влад Сидоров,влад сидоров,vlad-sidorov,https://www.design-events.fun/speaker/vlad-sidorov,0,0,1,,Стендап,Котельная,e079
Влад Ситников,влад ситников,vlad-sitnikov,https://www.design-events.fun/speaker/vlad-sitnikov,0,0,1,,Клуб,Лекторий,e141
Владимир Гранкин,владимир гранкин,vladimir-grankin,https://www.design-events.fun/speaker/vladimir-grankin,0,0,1,основатель LAB Production,Big Picture,Лекторий,e129
Владимир Гуринович,владимир гуринович,vladimir-gurinovich,https://www.design-events.fun/speaker/vladimir-gurinovich,0,0,1,,Стендап,Котельная,e079
Григорий Туманов,григорий туманов,grigorii-tumanov,https://www.design-events.fun/speaker/grigorii-tumanov,1,1,1,"контент-директор медиабренда «Правила жизни», автор тг-канала «Мужчина, вы куда?», журналист",Медиа,Котельная,e061
Гульнара Туктарова,гульнара туктарова,gulnara-tuktarova,https://www.design-events.fun/speaker/gulnara-tuktarova,0,0,1,основатель Decoding,Дизайн,Бойлерная,e010
Гюльнара Акамова,гюльнара акамова,gyulnara-akamova,https://www.design-events.fun/speaker/gyulnara-akamova,0,0,1,генеральный директор АНО «Агентство креативных индустрий» (Правительство Москвы),,Бойлерная,e003
ДЕНГАДДЕН,денгадден,dengadden,https://www.design-events.fun/speaker/dengadden,0,0,1,"креатор, сценарист в агентстве, TikTok- и Instagram-блогер",Блогеры,Simple Music,e104
Даниил Кожаринов,даниил кожаринов,daniil-kozharinov,https://www.design-events.fun/speaker/daniil-kozharinov,0,0,1,"игротехник, социотехник, футуролог, психолог, визионер",Konstruct и Слой,Konstruct Space,e151
Даня Крастер,даня крастер,danya-kraster,https://www.design-events.fun/speaker/danya-kraster,0,0,1,блогер и изобретатель,Блогеры,Simple Music,e103
Дарья Переходюк,дарья переходюк,darya-perehodyuk,https://www.design-events.fun/speaker/darya-perehodyuk,0,0,1,руководитель диджитал-маркетинга «Нового Радио»,Медиа,Котельная,e055
Дарья Решке,дарья решке,darya-reshke,https://www.design-events.fun/speaker/darya-reshke,0,0,1,издатель журнала «Москвичка» и главный редактор журнала «Огород»,Медиа,Котельная,e054
Денис Глазин,денис глазин,denis-glazin,https://www.design-events.fun/speaker/denis-glazin,0,0,1,A&R-директор S&P Records,Музыка,Simple Music,e091
Денис Лапшинов,денис лапшинов,denis-lapshinov,https://www.design-events.fun/speaker/denis-lapshinov,0,0,1,основатель независимого креативного агентства SLAVA,Реклама,Бойлерная,e016
Диана Халилова,диана халилова,diana-halilova,https://www.design-events.fun/speaker/diana-halilova,0,0,1,руководитель отдела маркетинг-коммуникаций Бургер Кинг,Маркетинг,Бойлерная,e005
Дмитрий Костюченко,дмитрий костюченко,dmitrii-kostyuchenko,https://www.design-events.fun/speaker/dmitrii-kostyuchenko,0,0,1,нейротипичный иллюстратор,Дизайн,Бойлерная,e011
Дмитрий Мордвинцев,дмитрий мордвинцев,dmitrii-mordvintsev,https://www.design-events.fun/speaker/dmitrii-mordvintsev,1,0,1,руководитель студии графического дизайна ABCdesign,Издательское дело,Котельная,e077
Дмитрий Харьков,дмитрий харьков,dmitrii-harkov,https://www.design-events.fun/speaker/dmitrii-harkov,0,0,1,директор по маркетингу и пиару издательства Ad Marginem,Издательское дело,Котельная,e076
Дмитрий Щугорев,дмитрий щугорев,dmitrii-schugorev,https://www.design-events.fun/speaker/dmitrii-schugorev,0,0,1,главный редактор телеканала Москва24,Медиа,Котельная,e060
Ева Шумляева,ева шумляева,eva-shumlyaeva,https://www.design-events.fun/speaker/eva-shumlyaeva,1,0,1,продюсер по маркетингу и коммуникациям Plan the Best,Медиа,Котельная,e066
Евгения Галетка,евгения галетка,evgeniya-galetka,https://www.design-events.fun/speaker/evgeniya-galetka,0,0,1,основатель и генеральный директор Journey,REDDAY,Гостиная,e121
Евгения Новокрещенова,евгения новокрещенова,evgeniya-novokreschenova,https://www.design-events.fun/speaker/evgeniya-novokreschenova,0,0,1,арт-директор DDVB,Дизайн,Бойлерная,e014
Екатерина Беляева,екатерина беляева,ekaterina-belyaeva,https://www.design-events.fun/speaker/ekaterina-belyaeva,1,1,1,академический руководитель «Медиаискусство» в Центральном университете,Медиаарт,Центр Внутри,e032
Женя Ефанов,женя ефанов,zhenya-efanov,https://www.design-events.fun/speaker/zhenya-efanov,0,0,1,управляющий партнер AIC,Дизайн,Бойлерная,e012
Женя Редкэпп,женя редкэпп,zhenya-redkepp,https://www.design-events.fun/speaker/zhenya-redkepp,0,0,1,"режиссер, основатель Ai-платформы Reddeck.ai",Компьютерная графика,Центр Внутри,e038
Зелим Габисов,зелим габисов,zelim-gabisov,https://www.design-events.fun/speaker/zelim-gabisov,1,1,1,креативный редактор в A! Magazine,Медиа,Котельная,e059
Иван Нефёдкин,иван нефёдкин,ivan-nefedkin,https://www.design-events.fun/speaker/ivan-nefedkin,0,0,1,"основатель и креативный директор Radugadesign, основатель Generative Gallery",Медиаарт,Центр Внутри,e033
Иван Смелянский,иван смелянский,ivan-smelyanskii,https://www.design-events.fun/speaker/ivan-smelyanskii,0,0,1,руководитель маркетинга Авито.Подработка,Маркетинг,Бойлерная,e007
Иван Черкалов,иван черкалов,ivan-cherkalov,https://www.design-events.fun/speaker/ivan-cherkalov,0,0,1,,Клуб,Лекторий,e138
Игорь Демидов,игорь демидов,igor-demidov,https://www.design-events.fun/speaker/igor-demidov,1,0,1,"сооснователь и CEO агентства событийного маркетинга N:OW, партнёр агентства Teammate",REDDAY,Гостиная,e124
Игорь Сайфуллин,игорь сайфуллин,igor-saifullin,https://www.design-events.fun/speaker/igor-saifullin,0,0,1,генеральный директор Бюро «Рабочее название»,Big Picture,Лекторий,e132
Игорь Фроловский,игорь фроловский,igor-frolovskii,https://www.design-events.fun/speaker/igor-frolovskii,0,0,1,сооснователь и дизайн-директор в агентстве AffArts,Дизайн,Бойлерная,e014
Илья Доронов,илья доронов,ilya-doronov,https://www.design-events.fun/speaker/ilya-doronov,0,0,1,управляющий директор объединенной вещательной редакции РБК,Медиа,Котельная,e064
Илья Корнеев,илья корнеев,ilya-korneev,https://www.design-events.fun/speaker/ilya-korneev,0,0,1,,Клуб,Лекторий,e140
Ира Лаврова,ира лаврова,ira-lavrova,https://www.design-events.fun/speaker/ira-lavrova,0,0,1,Head of production Friends,Big Picture,Лекторий,e129
Ирина Волкова,ирина волкова,irina-volkova,https://www.design-events.fun/speaker/irina-volkova,1,0,1,"основатель и арт-директор в ATTENTION, исследователь глобальных трендов в TRENDSTORM",REDDAY,Гостиная,e111
Ирина Парфентьева,ирина парфентьева,irina-parfenteva,https://www.design-events.fun/speaker/irina-parfenteva,0,0,1,главный редактор Телеканала РБК,Медиа,Котельная,e064
Карина Шабанова,карина шабанова,karina-shabanova,https://www.design-events.fun/speaker/karina-shabanova,1,0,1,сооснователь креативного агентства You Know Studio,REDDAY,Гостиная,e114
Карлен Ходикян,карлен ходикян,karlen-hodikyan,https://www.design-events.fun/speaker/karlen-hodikyan,0,0,1,креативный директор коммуникационного агентства DIDENOK TEAM,Блогеры,Simple Music,e105
Каролина Кириченко,каролина кириченко,karolina-kirichenko,https://www.design-events.fun/speaker/karolina-kirichenko,0,0,1,руководитель AI-направления и креативный продюсер MATE Production,Big Picture,Лекторий,e129
Катя Иванова,катя иванова,katya-ivanova,https://www.design-events.fun/speaker/katya-ivanova,0,0,1,"креативный директор КБ «Золотые тигры», журнала «Пчела»",Медиа,Котельная,e059
Катя Норштейн,катя норштейн,katya-norshtein,https://www.design-events.fun/speaker/katya-norshtein,0,0,1,модератор; креативный продюсер проектов агентства «Стрелка»,Кино,Котельная,e068
Кир Павлюкевич,кир павлюкевич,kir-pavlyukevich,https://www.design-events.fun/speaker/kir-pavlyukevich,1,1,1,независимый креативный директор,ИИ,Бойлерная,e023
Кира Полянина,кира полянина,kira-polyanina,https://www.design-events.fun/speaker/kira-polyanina,0,0,1,модератор; независимый стратег дизайн-индустрии и продюсер культурных партнерств,Предметный дизайн,Центр Внутри,e049
Кирилл Шелест,кирилл шелест,kirill-shelest,https://www.design-events.fun/speaker/kirill-shelest,0,0,1,продюсер офлайн мероприятий в издательстве Ad Marginem,Издательское дело,Котельная,e075
Константин Беляков,константин беляков,konstantin-belyakov,https://www.design-events.fun/speaker/konstantin-belyakov,0,0,1,креативный лидер и сооснователь BALAGAN,REDDAY,Гостиная,e126
Ксения Литвинова,ксения литвинова,kseniya-litvinova,https://www.design-events.fun/speaker/kseniya-litvinova,0,0,1,"senior creator, креативное digital-агентство SOCIALIST",Бюро Глагол,Simple Music,e097
Ксения Масчан,ксения масчан,kseniya-maschan,https://www.design-events.fun/speaker/kseniya-maschan,0,0,1,"заместитель вице-президента по экономике и финансам, директор по закупкам и логистике VK",REDDAY,Гостиная,e116
Лидия Шахидовна,лидия шахидовна,lidiya-shahidovna,https://www.design-events.fun/speaker/lidiya-shahidovna,0,0,1,"миротворец, продюсер, мультидисциплинарный артист, дизайнер, художник и блогер",Konstruct и Слой,Konstruct Space,e153
Лиза Тринич-Афанасьева,лиза тринич-афанасьева,liza-trinich-afanaseva,https://www.design-events.fun/speaker/liza-trinich-afanaseva,0,0,1,директор креативного агентства СберМаркетинг,Маркетинг,Бойлерная,e006
Лиза Ягуарушкина,лиза ягуарушкина,liza-yaguarushkina,https://www.design-events.fun/speaker/liza-yaguarushkina,0,0,1,,Стендап,Котельная,e079
Макс Пономарев,макс пономарев,maks-ponomarev,https://www.design-events.fun/speaker/maks-ponomarev,0,0,1,,Клуб,Лекторий,e143
Максим Ворошилов,максим ворошилов,maksim-voroshilov,https://www.design-events.fun/speaker/maksim-voroshilov,0,0,1,"директор по развитию бизнеса S&P Records, операционный директор дистрибьютора Pulse",Музыка,Simple Music,e093
Максим Ежов,максим ежов,maksim-ezhov,https://www.design-events.fun/speaker/maksim-ezhov,0,0,1,креативный директор студии WB360 (Wildberries),Big Picture,Лекторий,e132
Максим Козлов,максим козлов,maksim-kozlov,https://www.design-events.fun/speaker/maksim-kozlov,0,0,1,руководитель Центра иммерсивных решений Сбера,Медиаарт,Центр Внутри,e033
Максим Перлин,максим перлин,maksim-perlin,https://www.design-events.fun/speaker/maksim-perlin,0,0,1,"CEO агентства креативных коммуникаций Blacklight, сооснователь АБА",Блогеры,Simple Music,e105
Марат Адельшин,марат адельшин,marat-adelshin,https://www.design-events.fun/speaker/marat-adelshin,0,0,1,режиссер и оператор,Big Picture,Лекторий,e131
Мария Иванова,мария иванова,mariya-ivanova,https://www.design-events.fun/speaker/mariya-ivanova,0,0,1,генеральный продюсер RBW,Konstruct и Слой,Konstruct Space,e152
Мария Ищенко,мария ищенко,mariya-ischenko,https://www.design-events.fun/speaker/mariya-ischenko,0,0,1,сооснователь е-б эдженси,Дизайн,Бойлерная,e013
Марьям Ахунова,марьям ахунова,maryam-ahunova,https://www.design-events.fun/speaker/maryam-ahunova,0,0,1,креативный директор Big Picture Festival,Big Picture,Лекторий,e129
Миляуша Лукманова,миляуша лукманова,milyausha-lukmanova,https://www.design-events.fun/speaker/milyausha-lukmanova,0,0,1,"creative team lead, креативное digital-агентство SOCIALIST",Бюро Глагол,Simple Music,e097
Митя Осадчук,митя осадчук,mitya-osadchuk,https://www.design-events.fun/speaker/mitya-osadchuk,1,1,1,дизайн-директор B2C Сбера,Дизайн,Бойлерная,e014
Михаил Шутов,михаил шутов,mihail-shutov,https://www.design-events.fun/speaker/mihail-shutov,0,0,1,модератор; сооснователь креативного агентства «МЕЛ»,REDDAY,Гостиная,e128
Миша Петрик,миша петрик,misha-petrik,https://www.design-events.fun/speaker/misha-petrik,0,0,1,со-основатель и креативный директор Petrick,ИИ,Бойлерная,e027
Наадя (Надя Грицкевич),наадя (надя грицкевич),naadya-nadya-gritskevich,https://www.design-events.fun/speaker/naadya-nadya-gritskevich,0,0,1,куратор направления «Автор песен» в Moscow Music School,Образование,Simple Music,e086
Наадя Грицкевич,наадя грицкевич,naadya-gritskevich,https://www.design-events.fun/speaker/naadya-gritskevich,0,0,1,куратор направления «Автор песен» в Moscow Music School,Образование,Simple Music,e087
Наташа Климчук,наташа климчук,natasha-klimchuk,https://www.design-events.fun/speaker/natasha-klimchuk,0,0,1,модератор,Образование,Simple Music,e086
Нелли Наджарян,нелли наджарян,nelli-nadzharyan,https://www.design-events.fun/speaker/nelli-nadzharyan,0,0,1,руководитель по закупкам категории «Маркетинговые услуги» X5,REDDAY,Гостиная,e116
Ник Эрлан,ник эрлан,nik-erlan,https://www.design-events.fun/speaker/nik-erlan,0,0,1,"волшебник, физтех, мастер медитации, Senior IT/AI Architect",Konstruct и Слой,Konstruct Space,e153
Никита Прядко,никита прядко,nikita-pryadko,https://www.design-events.fun/speaker/nikita-pryadko,0,0,1,"основатель режиссёрского и видеопродакшена ""run"", режиссёр",REDDAY,Гостиная,e118
Николай Осин,николай осин,nikolai-osin,https://www.design-events.fun/speaker/nikolai-osin,0,0,1,креативный директор и партнёр REDDAY,REDDAY,Гостиная,e108
Оксана Запевалова,оксана запевалова,oksana-zapevalova,https://www.design-events.fun/speaker/oksana-zapevalova,0,0,1,главный редактор «Лайфхакера»,Медиа,Котельная,e052
Олег Баринбойм,олег баринбойм,oleg-barinboim,https://www.design-events.fun/speaker/oleg-barinboim,0,0,1,креативный директор TUTKOVBUDKOV,Дизайн,Бойлерная,e011
Олег Туманов,олег туманов,oleg-tumanov,https://www.design-events.fun/speaker/oleg-tumanov,0,0,1,,Клуб,Лекторий,e142
Олег Юсупов,олег юсупов,oleg-yusupov,https://www.design-events.fun/speaker/oleg-yusupov,0,0,1,CEO и сооснователь Phygital+,ИИ,Бойлерная,e027
Ольга Зуева,ольга зуева,olga-zueva,https://www.design-events.fun/speaker/olga-zueva,1,1,1,co-founder Phygital+,ИИ,Бойлерная,e022
Ольга Рыдзевская,ольга рыдзевская,olga-rydzevskaya,https://www.design-events.fun/speaker/olga-rydzevskaya,0,0,1,генеральный директор и партнёр Worlds,REDDAY,Гостиная,e119
Покрас Лампас,покрас лампас,pokras-lampas,https://www.design-events.fun/speaker/pokras-lampas,1,1,1,"современный художник, каллиграф",Реклама,Бойлерная,e020
Полина Накрайникова,полина накрайникова,polina-nakrainikova,https://www.design-events.fun/speaker/polina-nakrainikova,0,0,1,,Стендап,Котельная,e079
Пётр Губанов,пётр губанов,petr-gubanov,https://www.design-events.fun/speaker/petr-gubanov,1,0,1,основатель контент-агентства PostPost,Блогеры,Simple Music,e101
Регина Каллагова,регина каллагова,regina-kallagova,https://www.design-events.fun/speaker/regina-kallagova,0,0,1,менеджер по закупкам hh.ru,REDDAY,Гостиная,e116
Рома Бетретдинов,рома бетретдинов,roma-betretdinov,https://www.design-events.fun/speaker/roma-betretdinov,0,0,1,главный редактор Sostav,Медиа,Котельная,e063
Рома Цикада,рома цикада,roma-tsikada,https://www.design-events.fun/speaker/roma-tsikada,0,0,1,генеральный директор агентства Phygital.team,ИИ,Бойлерная,e024
Роман Ступин,роман ступин,roman-stupin,https://www.design-events.fun/speaker/roman-stupin,0,0,1,Бюро,Клуб,Лекторий,e135
Рустам Мосафир,рустам мосафир,rustam-mosafir,https://www.design-events.fun/speaker/rustam-mosafir,0,0,1,"режиссёр, сценарист и актёр",Кино,Котельная,e069
Саша Ковальский,саша ковальский,sasha-kovalskii,https://www.design-events.fun/speaker/sasha-kovalskii,0,0,1,дизайн-директор CreativePeople,Дизайн,Бойлерная,e012
Святослав Деньгин,святослав деньгин,svyatoslav-dengin,https://www.design-events.fun/speaker/svyatoslav-dengin,0,0,1,"сооснователь Interstellar Production, продакшн-директор",Компьютерная графика,Центр Внутри,e039
ТРАВМА,травма,travma,https://www.design-events.fun/speaker/travma,0,0,1,артист,Музыка,Simple Music,e094
Татьяна Эшназарова,татьяна эшназарова,tatyana-eshnazarova,https://www.design-events.fun/speaker/tatyana-eshnazarova,0,0,1,главный редактор AdIndex.ru,Медиа,Котельная,e053
Тигран Бежанов,тигран бежанов,tigran-bezhanov,https://www.design-events.fun/speaker/tigran-bezhanov,0,0,1,режиссёр,Big Picture,Лекторий,e131
Тимур Исмаев,тимур исмаев,timur-ismaev,https://www.design-events.fun/speaker/timur-ismaev,0,0,1,,Клуб,Лекторий,e139
Федор Савельев,федор савельев,fedor-savelev,https://www.design-events.fun/speaker/fedor-savelev,0,0,1,художник-постановщик,Big Picture,Лекторий,e131
Эльбрус Такулов,эльбрус такулов,elbrus-takulov,https://www.design-events.fun/speaker/elbrus-takulov,0,0,1,основатель издания СорокаМедиа,Медиа,Котельная,e059
Эльвина Абибуллаева,эльвина абибуллаева,elvina-abibullaeva,https://www.design-events.fun/speaker/elvina-abibullaeva,0,0,1,фаундер и генеральный директор медиа «Щука» (PIKE),Медиа,Котельная,e059
Эрадж Нидоев,эрадж нидоев,eradzh-nidoev,https://www.design-events.fun/speaker/eradzh-nidoev,0,0,1,"режиссер, креативный директор AI-направления Filmway Production",Компьютерная графика,Центр Внутри,e037
Юлия Белая,юлия белая,yuliya-belaya,https://www.design-events.fun/speaker/yuliya-belaya,0,0,1,модератор; PRD JAMI LUP,Блогеры,Simple Music,e105
Юлия Фролова-Митирева,юлия фролова-митирева,yuliya-frolova-mitireva,https://www.design-events.fun/speaker/yuliya-frolova-mitireva,0,0,1,стилист,Big Picture,Лекторий,e131
Юрий Наумов,юрий наумов,yurii-naumov,https://www.design-events.fun/speaker/yurii-naumov,0,0,1,"генеральный креативный продюсер, BAR creative agency",Бюро Глагол,Simple Music,e096
