session_id,date,start,end,hall,venue_key,place,track,track_curator,kind,title,speaker_keys,speaker_slugs,organizer_key
g8-2026-e001,2026-09-11,08:30,09:15,Бойлерная,хлебозавод №9,Хлебозавод,,,service,Сбор и регистрация гостей,,,g8
g8-2026-e002,2026-09-11,09:15,09:30,Бойлерная,хлебозавод №9,Хлебозавод,,,special,Открытие фестиваля. Японские барабанщицы TAIKO IN-SPIRATION,,,g8
g8-2026-e003,2026-09-11,09:30,09:45,Бойлерная,хлебозавод №9,Хлебозавод,,,talk,Приветственное слово,виталий быков; гюльнара акамова,vitalii-bykov; gyulnara-akamova,g8
g8-2026-e004,2026-09-11,09:45,10:00,Бойлерная,хлебозавод №9,Хлебозавод,Маркетинг,,talk,Итоги фестивального сезона 2026,юрий субботин,yurii-subbotin,g8
g8-2026-e005,2026-09-11,10:00,10:20,Бойлерная,хлебозавод №9,Хлебозавод,Маркетинг,,talk,7 смертных грехов рекламщика,диана халилова,diana-halilova,g8
g8-2026-e006,2026-09-11,10:20,10:40,Бойлерная,хлебозавод №9,Хлебозавод,Маркетинг,,talk,Кейс: «AI x Creative x VP production: как использовать triple power»,лиза тринич-афанасьева,liza-trinich-afanaseva,g8
g8-2026-e007,2026-09-11,10:40,11:00,Бойлерная,хлебозавод №9,Хлебозавод,Маркетинг,,talk,Маркетинга больше нет?,иван смелянский,ivan-smelyanskii,g8
g8-2026-e009,2026-09-11,11:20,11:40,Бойлерная,хлебозавод №9,Хлебозавод,Дизайн,Митя Осадчук,talk,Фестивальный дизайн или дизайн фестиваля,алексей пушкарёв; борис шилин,aleksei-pushkarev; boris-shilin,g8
g8-2026-e010,2026-09-11,11:40,12:00,Бойлерная,хлебозавод №9,Хлебозавод,Дизайн,Митя Осадчук,talk,Концептуальный мерч. Или нет,гульнара туктарова; виктория василевская,gulnara-tuktarova; viktoriya-vasilevskaya,g8
g8-2026-e011,2026-09-11,12:00,12:20,Бойлерная,хлебозавод №9,Хлебозавод,Дизайн,Митя Осадчук,talk,ИИ в крафте или против крафта,олег баринбойм; дмитрий костюченко,oleg-barinboim; dmitrii-kostyuchenko,g8
g8-2026-e012,2026-09-11,12:20,12:40,Бойлерная,хлебозавод №9,Хлебозавод,Дизайн,Митя Осадчук,talk,"В крупных агентствах всё хорошо, но будет еще хуже",саша ковальский; женя ефанов,sasha-kovalskii; zhenya-efanov,g8
g8-2026-e013,2026-09-11,12:40,13:00,Бойлерная,хлебозавод №9,Хлебозавод,Дизайн,Митя Осадчук,talk,Как молодые агентства откусывают рынок,мария ищенко; антон черногоров,mariya-ischenko; anton-chernogorov,g8
g8-2026-e014,2026-09-11,13:00,13:30,Бойлерная,хлебозавод №9,Хлебозавод,Дизайн,Митя Осадчук,disc,"Дискуссия: каким дизайн-командам вообще есть место в 2027 году, если в будущее возьмут не всех?",анастасия ступина; андрей ильин; евгения новокрещенова; игорь фроловский; митя осадчук,anastasiya-stupina; andrei-ilin; evgeniya-novokreschenova; igor-frolovskii; mitya-osadchuk,g8
g8-2026-e016,2026-09-11,13:50,14:10,Бойлерная,хлебозавод №9,Хлебозавод,Реклама,Денис Лапшинов,talk,Как найти и обезвредить Нарцисса,денис лапшинов,denis-lapshinov,g8
g8-2026-e017,2026-09-11,14:10,14:30,Бойлерная,хлебозавод №9,Хлебозавод,Реклама,Денис Лапшинов,talk,In-house of the dragon: темная сторона семейных отношений,андрей дансков,andrei-danskov,g8
g8-2026-e018,2026-09-11,14:30,14:50,Бойлерная,хлебозавод №9,Хлебозавод,Реклама,Денис Лапшинов,talk,Можно ли позволить себе скучную рекламу в кризис?,артём царегородцев,artem-tsaregorodtsev,g8
g8-2026-e020,2026-09-11,15:10,15:30,Бойлерная,хлебозавод №9,Хлебозавод,Реклама,Денис Лапшинов,special,Каллиграфия — искусство прошлого и будущего,покрас лампас,pokras-lampas,g8
g8-2026-e022,2026-09-11,15:50,16:10,Бойлерная,хлебозавод №9,Хлебозавод,ИИ,Сергей Заволоко,talk,Выживут только Осьминоги с усиленным интеллектом,ольга зуева,olga-zueva,g8
g8-2026-e023,2026-09-11,16:10,16:30,Бойлерная,хлебозавод №9,Хлебозавод,ИИ,Сергей Заволоко,talk,Как (не) продать душу нейросети,кир павлюкевич,kir-pavlyukevich,g8
g8-2026-e024,2026-09-11,16:30,16:50,Бойлерная,хлебозавод №9,Хлебозавод,ИИ,Сергей Заволоко,talk,"Мог ли мир, в котором мы живём, выглядеть иначе?",рома цикада,roma-tsikada,g8
g8-2026-e025,2026-09-11,16:50,17:10,Бойлерная,хлебозавод №9,Хлебозавод,ИИ,Сергей Заволоко,talk,"Художник воюет с микроволновкой, пока рынок ест деда",арсений попов,arsenii-popov,g8
g8-2026-e026,2026-09-11,17:10,17:30,Бойлерная,хлебозавод №9,Хлебозавод,ИИ,Сергей Заволоко,talk,Операционка или творчество: кто заберёт работу креатора,артем полянский,artem-polyanskii,g8
g8-2026-e027,2026-09-11,17:30,19:00,Бойлерная,хлебозавод №9,Хлебозавод,ИИ,Сергей Заволоко,disc,"Дискуссия: мы автоматизировали скучную работу, так почему теперь автоматизируем интересную",арсений попов; александр кадыкеев; александр доброкотов; миша петрик; олег юсупов,arsenii-popov; aleksandr-kadykeev; aleksandr-dobrokotov; misha-petrik; oleg-yusupov,g8
g8-2026-e028,2026-09-11,19:00,,Бойлерная,хлебозавод №9,Хлебозавод,ИИ,Сергей Заволоко,special,ЦЕРЕМОНИЯ НАГРАЖДЕНИЯ (вход строго до 19:10),,,g8
g8-2026-e029,2026-09-11,11:00,12:30,Центр Внутри,хлебозавод №9,Хлебозавод,Архитектура,Артем Укропов,special,Околоархитектурный квиз,,,g8
g8-2026-e031,2026-09-11,13:00,13:20,Центр Внутри,хлебозавод №9,Хлебозавод,Медиаарт,Анна Смирнова,talk,Заброшенная симуляция: оптимизация искусства,solar w (алексей ефремов),solar-w-aleksei-efremov,g8
g8-2026-e032,2026-09-11,13:20,13:40,Центр Внутри,хлебозавод №9,Хлебозавод,Медиаарт,Анна Смирнова,talk,Как стать медиаартистом: образовательные маршруты в России,екатерина беляева,ekaterina-belyaeva,g8
g8-2026-e033,2026-09-11,13:40,14:20,Центр Внутри,хлебозавод №9,Хлебозавод,Медиаарт,Анна Смирнова,disc,Дискуссия: Multimedia perestroyka. Рынок мультимедиа в эпоху AGI: что происходит и что нас ждёт?,анна смирнова; максим козлов; александр ус; андрей тубольцев; иван нефёдкин,anna-smirnova; maksim-kozlov; aleksandr-us; andrei-tuboltsev; ivan-nefedkin,g8
g8-2026-e035,2026-09-11,14:40,15:00,Центр Внутри,хлебозавод №9,Хлебозавод,Компьютерная графика,Влад Ткачук,talk,"Что делать, если денег стало меньше?",вадим белов,vadim-belov,g8
g8-2026-e036,2026-09-11,15:00,15:20,Центр Внутри,хлебозавод №9,Хлебозавод,Компьютерная графика,Влад Ткачук,talk,Как мы в Жи-Ши делаем проекты для души,артём щербаков,artem-scherbakov,g8
g8-2026-e037,2026-09-11,15:20,15:40,Центр Внутри,хлебозавод №9,Хлебозавод,Компьютерная графика,Влад Ткачук,talk,Снять нельзя сгенерировать: где поставить запятую в современном продакшне,эрадж нидоев; анастасия тулумджан,eradzh-nidoev; anastasiya-tulumdzhan,g8
g8-2026-e038,2026-09-11,15:40,16:00,Центр Внутри,хлебозавод №9,Хлебозавод,Компьютерная графика,Влад Ткачук,talk,Режиссерский код. Вайбкод в продакшне: автоматизация на реальных задачах,женя редкэпп,zhenya-redkepp,g8
g8-2026-e039,2026-09-11,16:00,16:20,Центр Внутри,хлебозавод №9,Хлебозавод,Компьютерная графика,Влад Ткачук,talk,Красивую картинку теперь делает каждый. Что дальше?,святослав деньгин; александра дубинина,svyatoslav-dengin; aleksandra-dubinina,g8
g8-2026-e041,2026-09-11,16:40,17:10,Центр Внутри,хлебозавод №9,Хлебозавод,Дизайн интерьера,Степан Бугаев,disc,Дискуссия: Дизайнер уходит — что остается?,степан бугаев; сергей трегубов; лиза жолтая,stepan-bugaev; sergei-tregubov; liza-zholtaya,g8
g8-2026-e042,2026-09-11,17:10,17:30,Центр Внутри,хлебозавод №9,Хлебозавод,Дизайн интерьера,Степан Бугаев,talk,Что останется после дизайнера,степан бугаев,stepan-bugaev,g8
g8-2026-e043,2026-09-11,17:30,17:50,Центр Внутри,хлебозавод №9,Хлебозавод,Дизайн интерьера,Степан Бугаев,talk,"ПРОДУКТ. Больше, чем дизайн",лиза жолтая,liza-zholtaya,g8
g8-2026-e044,2026-09-11,17:50,18:10,Центр Внутри,хлебозавод №9,Хлебозавод,Дизайн интерьера,Степан Бугаев,talk,ПОСЛЕ WOW. Новая глава дизайна. Когда главным результатом дизайна становится человеческий опыт,сергей трегубов,sergei-tregubov,g8
g8-2026-e046,2026-09-11,18:30,18:40,Центр Внутри,хлебозавод №9,Хлебозавод,Предметный дизайн,Кира Полянина,talk,Предметный дизайн сегодня: карта индустрии в России и в мире,татьяна белохина,tatyana-belohina,g8
g8-2026-e047,2026-09-11,18:40,18:50,Центр Внутри,хлебозавод №9,Хлебозавод,Предметный дизайн,Кира Полянина,talk,От идеи к объекту: как рождается предмет,дима логинов,dima-loginov,g8
g8-2026-e048,2026-09-11,18:50,19:00,Центр Внутри,хлебозавод №9,Хлебозавод,Предметный дизайн,Кира Полянина,talk,Когда предмет становится пространством: как создаётся интерьерная история,ксения караваева; мурат гукетлов,kseniya-karavaeva; murat-guketlov,g8
g8-2026-e049,2026-09-11,19:00,20:00,Центр Внутри,хлебозавод №9,Хлебозавод,Предметный дизайн,Кира Полянина,disc,Дискуссия: Кто и как создаёт новую сцену предметного дизайна в России?,кира полянина; дима логинов; татьяна белохина; ксения караваева; мурат гукетлов,kira-polyanina; dima-loginov; tatyana-belohina; kseniya-karavaeva; murat-guketlov,g8
g8-2026-e051,2026-09-11,20:20,,Центр Внутри,хлебозавод №9,Хлебозавод,Предметный дизайн,Кира Полянина,special,КИНОПОКАЗ GIFF,,,g8
g8-2026-e052,2026-09-11,10:40,11:00,Котельная,хлебозавод №9,Хлебозавод,Медиа,"Андрей Червонский, Соня Гофина",talk,"5 стрёмных решений, которые мне пришлось принять как главреду медиа за последний год",оксана запевалова,oksana-zapevalova,g8
g8-2026-e053,2026-09-11,11:00,11:20,Котельная,хлебозавод №9,Хлебозавод,Медиа,"Андрей Червонский, Соня Гофина",talk,Заткнись и забери мои деньги: почему спокойствие стало главным товаром,татьяна эшназарова,tatyana-eshnazarova,g8
g8-2026-e054,2026-09-11,11:20,11:40,Котельная,хлебозавод №9,Хлебозавод,Медиа,"Андрей Червонский, Соня Гофина",talk,Зачем и кому нужны коллаборации? И как их делать соответственно,дарья решке,darya-reshke,g8
g8-2026-e055,2026-09-11,11:40,12:00,Котельная,хлебозавод №9,Хлебозавод,Медиа,"Андрей Червонский, Соня Гофина",talk,Дикий диджитал для дикого эфира,дарья переходюк,darya-perehodyuk,g8
g8-2026-e057,2026-09-11,12:20,12:40,Котельная,хлебозавод №9,Хлебозавод,Медиа,"Андрей Червонский, Соня Гофина",talk,"ЧМ-2026 в главных сюжетах Спортса""",влад воронин,vlad-voronin,g8
g8-2026-e058,2026-09-11,12:40,13:00,Котельная,хлебозавод №9,Хлебозавод,Медиа,"Андрей Червонский, Соня Гофина",talk,Презентация нового СМИ,александр сокольников,aleksandr-sokolnikov,g8
g8-2026-e059,2026-09-11,13:00,13:30,Котельная,хлебозавод №9,Хлебозавод,Медиа,"Андрей Червонский, Соня Гофина",disc,Дискуссия: Куда перетекают медиа и что вообще сегодня считается медиа,эльвина абибуллаева; зелим габисов; эльбрус такулов; катя иванова,elvina-abibullaeva; zelim-gabisov; elbrus-takulov; katya-ivanova,g8
g8-2026-e060,2026-09-11,13:30,13:50,Котельная,хлебозавод №9,Хлебозавод,Медиа,"Андрей Червонский, Соня Гофина",talk,PR и СМИ. Антагонисты или партнеры?,дмитрий щугорев,dmitrii-schugorev,g8
g8-2026-e061,2026-09-11,13:50,14:10,Котельная,хлебозавод №9,Хлебозавод,Медиа,"Андрей Червонский, Соня Гофина",talk,"Как стать героем журнала «Правила жизни» за 10 шагов (и 3 ошибки, которые всё испортят)",григорий туманов,grigorii-tumanov,g8
g8-2026-e063,2026-09-11,14:30,14:50,Котельная,хлебозавод №9,Хлебозавод,Медиа,"Андрей Червонский, Соня Гофина",talk,Вперед в прошлое: рывок из ада синтетики,рома бедретдинов,roma-bedretdinov,g8
g8-2026-e064,2026-09-11,14:50,15:10,Котельная,хлебозавод №9,Хлебозавод,Медиа,"Андрей Червонский, Соня Гофина",talk,Секретная тема,ирина парфентьева; илья доронов,irina-parfenteva; ilya-doronov,g8
g8-2026-e065,2026-09-11,15:10,15:30,Котельная,хлебозавод №9,Хлебозавод,Медиа,"Андрей Червонский, Соня Гофина",talk,Что происходит в мире новостных медиа? Взгляд генерального директора,андрей цыпер,andrei-tsyper,g8
g8-2026-e066,2026-09-11,15:30,15:50,Котельная,хлебозавод №9,Хлебозавод,Медиа,"Андрей Червонский, Соня Гофина",talk,"Бизнес = система. Как креативному бизнесу расти и масштабироваться, не теряя автора?",ева шумляева,eva-shumlyaeva,g8
g8-2026-e068,2026-09-11,16:10,16:40,Котельная,хлебозавод №9,Хлебозавод,Кино,Катя Норштейн,disc,Дискуссия: Ответственность создателей за ПП и фастфуд,катя норштейн; ольга никулина; владимир котт; илья учитель; иван шаров,katya-norshtein; olga-nikulina; vladimir-kott; ilya-uchitel; ivan-sharov,g8
g8-2026-e069,2026-09-11,16:40,17:00,Котельная,хлебозавод №9,Хлебозавод,Кино,Катя Норштейн,talk,«Жанровый субстрат» от режиссёра КиШа,рустам мосафир,rustam-mosafir,g8
g8-2026-e070,2026-09-11,17:00,17:20,Котельная,хлебозавод №9,Хлебозавод,Кино,Катя Норштейн,talk,С чего начинается хит: за год до первой серии. Девелопмент больших сериалов,ольга никулина,olga-nikulina,g8
g8-2026-e071,2026-09-11,17:20,17:40,Котельная,хлебозавод №9,Хлебозавод,Кино,Катя Норштейн,talk,"Любимый ингредиент. Темы и приемы, к которым возвращаешься снова и снова. Как формируется почерк автора",владимир котт,vladimir-kott,g8
g8-2026-e072,2026-09-11,17:40,18:00,Котельная,хлебозавод №9,Хлебозавод,Кино,Катя Норштейн,talk,"Кто здесь главный? Кому принадлежит последнее слово в кино — автору, продюсеру, платформе или зрителю?",илья учитель,ilya-uchitel,g8
g8-2026-e073,2026-09-11,18:00,18:20,Котельная,хлебозавод №9,Хлебозавод,Кино,Катя Норштейн,talk,Производство впечатлений. Как из сериала сделать событие,иван шаров,ivan-sharov,g8
g8-2026-e075,2026-09-11,18:40,19:00,Котельная,хлебозавод №9,Хлебозавод,Издательское дело,Кирилл Шелест,talk,Книги «по краям»: как Ad Marginem проводит фестивали от Калининграда до Владивостока,кирилл шелест,kirill-shelest,g8
g8-2026-e076,2026-09-11,19:00,19:20,Котельная,хлебозавод №9,Хлебозавод,Издательское дело,Кирилл Шелест,talk,Moscow Book Week: как главный фестиваль книжной культуры меняет город,дмитрий харьков,dmitrii-harkov,g8
g8-2026-e077,2026-09-11,19:20,19:40,Котельная,хлебозавод №9,Хлебозавод,Издательское дело,Кирилл Шелест,talk,«Книга как объект дизайна»: издательский проект о русском авангарде от Ad Marginem и ABCdesign,дмитрий мордвинцев,dmitrii-mordvintsev,g8
g8-2026-e079,2026-09-11,20:00,,Котельная,хлебозавод №9,Хлебозавод,Стендап,Арсений Ашомко,special,Стендап-концерт,полина накрайникова; владимир гуринович; лиза ягуарушкина; влад сидоров,polina-nakrainikova; vladimir-gurinovich; liza-yaguarushkina; vlad-sidorov,g8
g8-2026-e080,2026-09-11,10:00,10:20,Simple Music,хлебозавод №9,Хлебозавод,Веб,Денис Ломов,talk,Вступительное слово,денис ломов,denis-lomov,g8
g8-2026-e081,2026-09-11,10:20,10:40,Simple Music,хлебозавод №9,Хлебозавод,Веб,Денис Ломов,talk,"± вайб: нейросети, тревога и новая роль дизайнера",евгений филатов,evgenii-filatov,g8
g8-2026-e082,2026-09-11,10:40,11:00,Simple Music,хлебозавод №9,Хлебозавод,Веб,Денис Ломов,talk,Этот чудн(ы/о)й новый UX,артём федоров,artem-fedorov,g8
g8-2026-e083,2026-09-11,11:00,11:20,Simple Music,хлебозавод №9,Хлебозавод,Веб,Денис Ломов,talk,AI в creative dev: как меняется граница между генерацией и ручной доработкой в креативном вебе и спецпроектах,антон бондарь,anton-bondar,g8
g8-2026-e084,2026-09-11,11:20,11:50,Simple Music,хлебозавод №9,Хлебозавод,Веб,Денис Ломов,disc,Дискуссия: AI: про новые правила игры в UX,денис ломов; евгений филатов; артём федоров; антон бондарь,denis-lomov; evgenii-filatov; artem-fedorov; anton-bondar,g8
g8-2026-e086,2026-09-11,12:10,12:40,Simple Music,хлебозавод №9,Хлебозавод,Образование,Наташа Климчук,disc,Дискуссия: Нужны ли оценки: талант против критериев,наташа климчук; наадя (надя грицкевич); иван стельмах; пётр сафронов,natasha-klimchuk; naadya-nadya-gritskevich; ivan-stelmah; petr-safronov,g8
g8-2026-e087,2026-09-11,12:40,13:00,Simple Music,хлебозавод №9,Хлебозавод,Образование,Наташа Климчук,talk,"Экспериментальные техники при написании песен, или почему мы пока обойдемся без ИИ",наадя грицкевич,naadya-gritskevich,g8
g8-2026-e088,2026-09-11,13:00,13:20,Simple Music,хлебозавод №9,Хлебозавод,Образование,Наташа Климчук,talk,Высшее образование как продукт,иван стельмах,ivan-stelmah,g8
g8-2026-e089,2026-09-11,13:20,13:40,Simple Music,хлебозавод №9,Хлебозавод,Образование,Наташа Климчук,talk,Что такое изобретение? Образование и «причинение» добра,пётр сафронов,petr-safronov,g8
g8-2026-e091,2026-09-11,14:00,14:20,Simple Music,хлебозавод №9,Хлебозавод,Музыка,S&P Records,talk,State of Music 2026,денис глазин,denis-glazin,g8
g8-2026-e092,2026-09-11,14:20,14:40,Simple Music,хлебозавод №9,Хлебозавод,Музыка,S&P Records,talk,Маркетинг: как заставить вас слушать музыку,арам даниелян,aram-danielyan,g8
g8-2026-e093,2026-09-11,14:40,15:00,Simple Music,хлебозавод №9,Хлебозавод,Музыка,S&P Records,talk,Кто пишет ваш следующий хит — человек или машина?,максим ворошилов,maksim-voroshilov,g8
g8-2026-e094,2026-09-11,15:00,15:20,Simple Music,хлебозавод №9,Хлебозавод,Музыка,S&P Records,talk,Как быть заметным среди заметных?,травма,travma,g8
g8-2026-e096,2026-09-11,15:40,16:00,Simple Music,хлебозавод №9,Хлебозавод,Бюро Глагол,,talk,Не будь квадратом: четыре способа творить в жестких рамках,юрий наумов,yurii-naumov,g8
g8-2026-e097,2026-09-11,16:00,16:20,Simple Music,хлебозавод №9,Хлебозавод,Бюро Глагол,,talk,Чрезмерное потребление критики вредит вашему здоровью,ксения литвинова; миляуша лукманова,kseniya-litvinova; milyausha-lukmanova,g8
g8-2026-e099,2026-09-11,16:30,17:40,Simple Music,хлебозавод №9,Хлебозавод,Бюро Глагол,,special,"Специальный показ Яндекса: «Где я пригодился» — фильм о том, как выходить за рамки и быть шире обстоятельств",,,g8
g8-2026-e101,2026-09-11,18:00,18:20,Simple Music,хлебозавод №9,Хлебозавод,Блогеры,Юлия Белая,talk,"Тиндер для блогеров. Неудачные свидания брендов, агентств и креаторов",пётр губанов,petr-gubanov,g8
g8-2026-e102,2026-09-11,18:20,18:40,Simple Music,хлебозавод №9,Хлебозавод,Блогеры,Юлия Белая,talk,"Где живет аудитория, что такое контент-заводы, в чем сила креаторов и чего ждать от 2027-го",ярослав андреев,yaroslav-andreev,g8
g8-2026-e103,2026-09-11,18:40,19:00,Simple Music,хлебозавод №9,Хлебозавод,Блогеры,Юлия Белая,talk,Инженерный взгляд на креатив,даня крастер,danya-kraster,g8
g8-2026-e104,2026-09-11,19:00,19:20,Simple Music,хлебозавод №9,Хлебозавод,Блогеры,Юлия Белая,talk,"Аффирмация на интеграцию. Почему бренды выбирают одних блогеров, а других — нет",денгадден,dengadden,g8
g8-2026-e105,2026-09-11,19:20,,Simple Music,хлебозавод №9,Хлебозавод,Блогеры,Юлия Белая,disc,"Дискуссия: Инфлюенс-маркетинг 2026/2027: новые платформы, новые деньги, новые звезды. Или нет?",юлия белая; максим перлин; ярослав андреев; карлен ходикян; андрей глазунов,yuliya-belaya; maksim-perlin; yaroslav-andreev; karlen-hodikyan; andrei-glazunov,g8
g8-2026-e106,2026-09-11,11:00,11:10,Гостиная,хлебозавод №9,Хлебозавод,REDDAY,Анна Зайцева,service,Открытие секции,,,g8
g8-2026-e107,2026-09-11,11:10,11:30,Гостиная,хлебозавод №9,Хлебозавод,REDDAY,Анна Зайцева,talk,Клиентский сервис: как не пересолить в отношениях с клиентом,анна зайцева,anna-zaitseva,g8
g8-2026-e108,2026-09-11,11:30,11:50,Гостиная,хлебозавод №9,Хлебозавод,REDDAY,Анна Зайцева,talk,Острая нехватка продающего креатива,николай осин,nikolai-osin,g8
g8-2026-e110,2026-09-11,11:55,12:15,Гостиная,хлебозавод №9,Хлебозавод,REDDAY,Анна Зайцева,talk,"Искусство брифа: превращаем мысли в идею, или как направлять креативную команду",виктория горшкова,viktoriya-gorshkova,g8
g8-2026-e111,2026-09-11,12:15,12:35,Гостиная,хлебозавод №9,Хлебозавод,REDDAY,Анна Зайцева,talk,Баланс ингредиентов в ивенте: тренды + креатив + визуал,ирина волкова,irina-volkova,g8
g8-2026-e113,2026-09-11,12:40,13:00,Гостиная,хлебозавод №9,Хлебозавод,REDDAY,Анна Зайцева,talk,Тонкости международной ивент-кухни,артём минасян,artem-minasyan,g8
g8-2026-e114,2026-09-11,13:00,13:20,Гостиная,хлебозавод №9,Хлебозавод,REDDAY,Анна Зайцева,talk,Когда ивент не нужен,карина шабанова,karina-shabanova,g8
g8-2026-e116,2026-09-11,13:40,14:25,Гостиная,хлебозавод №9,Хлебозавод,REDDAY,Анна Зайцева,disc,Дискуссия ПРО ЗАКУПКИ. Сладкий вкус победы в тендере: внутренняя кухня отдела закупок,александр литвин; регина каллагова; артём кондратенко; нелли наджарян; виктория бутикова; ксения масчан,aleksandr-litvin; regina-kallagova; artem-kondratenko; nelli-nadzharyan; viktoriya-butikova; kseniya-maschan,g8
g8-2026-e118,2026-09-11,14:35,14:55,Гостиная,хлебозавод №9,Хлебозавод,REDDAY,Анна Зайцева,talk,Как выстраивать режиссуру на простых приемах вместо сложных концепций,никита прядко,nikita-pryadko,g8
g8-2026-e119,2026-09-11,14:55,15:15,Гостиная,хлебозавод №9,Хлебозавод,REDDAY,Анна Зайцева,talk,"Принципиально масштабно, или как реализуются большие проекты",ольга рыдзевская,olga-rydzevskaya,g8
g8-2026-e121,2026-09-11,15:20,15:40,Гостиная,хлебозавод №9,Хлебозавод,REDDAY,Анна Зайцева,talk,Соль по рецепту: как дисциплина проектного менеджмента выигрывает на длинной дистанции,евгения галетка,evgeniya-galetka,g8
g8-2026-e122,2026-09-11,15:40,16:00,Гостиная,хлебозавод №9,Хлебозавод,REDDAY,Анна Зайцева,talk,Перца по вкусу не бывает: как натренировать чувство креатива,алексей мочалов,aleksei-mochalov,g8
g8-2026-e124,2026-09-11,16:05,16:25,Гостиная,хлебозавод №9,Хлебозавод,REDDAY,Анна Зайцева,talk,"Всё решают детали. Неочевидные решения, которые влияют на отношения с клиентом",игорь демидов,igor-demidov,g8
g8-2026-e125,2026-09-11,16:25,16:45,Гостиная,хлебозавод №9,Хлебозавод,REDDAY,Анна Зайцева,talk,Как за 4 дня построить замок в Лужниках. Опыт креативной студии при работе со стадионными концертами,алексей журавлёв,aleksei-zhuravlev,g8
g8-2026-e126,2026-09-11,16:45,17:05,Гостиная,хлебозавод №9,Хлебозавод,REDDAY,Анна Зайцева,talk,Mamma mia! Или как делать проекты со страстью,алина абрамова; константин беляков,alina-abramova; konstantin-belyakov,g8
g8-2026-e128,2026-09-11,17:25,,Гостиная,хлебозавод №9,Хлебозавод,REDDAY,Анна Зайцева,disc,"Дискуссия ПРО ФЕСТИВАЛИ. Идеальный десерт: рецепт фестиваля. Где взять деньги на ингредиенты — партнёры, продажи и правда о том, как это работает",михаил шутов; юрий субботин; андрей кадышев; андрей тубольцев; борис альхимович,mihail-shutov; yurii-subbotin; andrei-kadyshev; andrei-tuboltsev; boris-alhimovich,g8
g8-2026-e129,2026-09-11,10:30,11:15,Лекторий,дизайн-завод,Дизайн-завод,Big Picture,,disc,MATE + LAB. Как сэкономить бюджет и продолжать снимать. Гибридный продакшн,аня коновалова; ира лаврова; каролина кириченко; владимир гранкин; марьям ахунова,anya-konovalova; ira-lavrova; karolina-kirichenko; vladimir-grankin; maryam-ahunova,g8
g8-2026-e130,2026-09-11,11:15,12:30,Лекторий,дизайн-завод,Дизайн-завод,Big Picture,,talk,TAKESHOT. Когда AI становится врагом и почему съемка — новый чёрный,,,g8
g8-2026-e131,2026-09-11,12:30,13:45,Лекторий,дизайн-завод,Дизайн-завод,Big Picture,,disc,"BALLPARK. Крафтовые специалисты, которых AI не заменит",тигран бежанов; марат адельшин; юлия фролова-митирева; федор савельев,tigran-bezhanov; marat-adelshin; yuliya-frolova-mitireva; fedor-savelev,g8
g8-2026-e132,2026-09-11,13:45,15:00,Лекторий,дизайн-завод,Дизайн-завод,Big Picture,,disc,БЮРО «РАБОЧЕЕ НАЗВАНИЕ». Новая архитектура рекламного производства: все делают всё,игорь сайфуллин; аня никич; максим ежов; вася губин; виталий урезченко,igor-saifullin; anya-nikich; maksim-ezhov; vasya-gubin; vitalii-urezchenko,g8
g8-2026-e134,2026-09-11,15:30,15:50,Лекторий,дизайн-завод,Дизайн-завод,Клуб,,talk,"Креативный директор без команды — реально ли презентовать, придумывать идеи в одиночку? Как это помогает бизнесу и помогает ли?",анастасия харитонова,anastasiya-haritonova,g8
g8-2026-e135,2026-09-11,15:50,16:10,Лекторий,дизайн-завод,Дизайн-завод,Клуб,,talk,Новые форматы взаимодействия с аудиторией на примере кейсов с Пятёрочкой,роман ступин,roman-stupin,g8
g8-2026-e136,2026-09-11,16:10,16:30,Лекторий,дизайн-завод,Дизайн-завод,Клуб,,talk,"Не урезать, а переосмыслить: как кризис меняет бренд-коммуникации в эпоху новой экономии",анна левант,anna-levant,g8
g8-2026-e137,2026-09-11,16:30,16:50,Лекторий,дизайн-завод,Дизайн-завод,Клуб,,talk,Никого не увольняют за скучную рекламу. Почему рынок системно выбирает посредственность,виктор донюков,viktor-donyukov,g8
g8-2026-e138,2026-09-11,16:50,17:10,Лекторий,дизайн-завод,Дизайн-завод,Клуб,,talk,Как работать с госкомпаниями и быть счастливым,иван черкалов,ivan-cherkalov,g8
g8-2026-e139,2026-09-11,17:10,17:30,Лекторий,дизайн-завод,Дизайн-завод,Клуб,,talk,Православие и креатив: искусство создания вирусных роликов,тимур исмаев,timur-ismaev,g8
g8-2026-e140,2026-09-11,17:30,17:50,Лекторий,дизайн-завод,Дизайн-завод,Клуб,,talk,"Как побеждать кризис внимания (ситуативный маркетинг, работа с субкультурами, смелый креатив)",илья корнеев,ilya-korneev,g8
g8-2026-e141,2026-09-11,17:50,18:10,Лекторий,дизайн-завод,Дизайн-завод,Клуб,,talk,"Идеи без человека, без агентства, без тендера",влад ситников,vlad-sitnikov,g8
g8-2026-e142,2026-09-11,18:10,18:30,Лекторий,дизайн-завод,Дизайн-завод,Клуб,,talk,Какие ценности самые важные для креативных агентств и как не упустить контроль над рынком идей,олег туманов,oleg-tumanov,g8
g8-2026-e143,2026-09-11,18:30,,Лекторий,дизайн-завод,Дизайн-завод,Клуб,,talk,Плохая реклама vs плохая креативная реклама,макс пономарев,maks-ponomarev,g8
g8-2026-e144,2026-09-11,11:00,11:15,Konstruct Space,дизайн-завод,Дизайн-завод,Konstruct и Слой,,talk,"Стрижка — это дизайн, а хороший человек — профессия",владимир амосов,vladimir-amosov,g8
g8-2026-e145,2026-09-11,11:15,11:45,Konstruct Space,дизайн-завод,Дизайн-завод,Konstruct и Слой,,talk,"«Делаю то, во что верю». Как из дизайна волос сделать секту",юра шевел,yura-shevel,g8
g8-2026-e146,2026-09-11,11:45,12:15,Konstruct Space,дизайн-завод,Дизайн-завод,Konstruct и Слой,,talk,Человек — Геймификация — Волосы,владимир амосов,vladimir-amosov,g8
g8-2026-e147,2026-09-11,12:15,12:45,Konstruct Space,дизайн-завод,Дизайн-завод,Konstruct и Слой,,talk,"Тренды, стиль и клиент: как меняется профессия парикмахера",ксения сторожева,kseniya-storozheva,g8
g8-2026-e148,2026-09-11,12:45,13:45,Konstruct Space,дизайн-завод,Дизайн-завод,Konstruct и Слой,,talk,Презентация метода «Констракт». Подход к вашей стрижке как к дизайн-проекту,андрей ульянов,andrei-ulyanov,g8
g8-2026-e149,2026-09-11,13:45,14:30,Konstruct Space,дизайн-завод,Дизайн-завод,Konstruct и Слой,,special,Консультации у стилистов команды фестиваля и «Констракта». Дегустация стилька,,,g8
g8-2026-e151,2026-09-11,14:45,15:15,Konstruct Space,дизайн-завод,Дизайн-завод,Konstruct и Слой,,talk,"Трансформация среды, общества, человека",даниил кожаринов,daniil-kozharinov,g8
g8-2026-e152,2026-09-11,15:15,15:45,Konstruct Space,дизайн-завод,Дизайн-завод,Konstruct и Слой,,talk,Фестиваль барбер-культуры RBW: как нишевый барбер-фестиваль вырос в бизнес и медиа,мария иванова,mariya-ivanova,g8
g8-2026-e153,2026-09-11,15:45,16:35,Konstruct Space,дизайн-завод,Дизайн-завод,Konstruct и Слой,,talk,"Как пришествие ИИ меняет beauty-индустрию: новые механики обратной связи, примерки стиля и что нас ждет завтра",ник эрлан; лидия шахидовна,nik-erlan; lidiya-shahidovna,g8
g8-2026-e154,2026-09-11,16:35,16:40,Konstruct Space,дизайн-завод,Дизайн-завод,Konstruct и Слой,,service,Вступительное слово к демонстрациям,владимир амосов,vladimir-amosov,g8
g8-2026-e155,2026-09-11,16:40,17:55,Konstruct Space,дизайн-завод,Дизайн-завод,Konstruct и Слой,,disc,Демонстрация техник и направлений в стрижках. Дискуссия: Человек — часть архитектуры города,владимир амосов; андрей грибков; андрей ульянов; ксения сторожева; юра шевел,vladimir-amosov; andrei-gribkov; andrei-ulyanov; kseniya-storozheva; yura-shevel,g8
g8-2026-e156,2026-09-11,17:55,,Konstruct Space,дизайн-завод,Дизайн-завод,Konstruct и Слой,,talk,"Закрывающее слово секции: «Стиль — это не обои, мама, хотя и обои тоже»",владимир амосов,vladimir-amosov,g8
